timestamp,temperature,vibration,status,prediction,ml_status
2026-01-22 17:00:00,57.71680096189967,2.256086838272247,Normal,1,Normal
2026-01-31 17:00:00,59.91345491972757,2.580463862349136,Normal,1,Normal
2026-01-31 20:00:00,45.795628843341774,2.7346775205901097,Normal,1,Normal
2026-01-28 12:00:00,52.13168996559882,2.3832754924337824,Normal,1,Normal
2026-01-18 03:00:00,49.376789540810655,2.731716599840436,Normal,1,Normal
2026-01-29 06:00:00,59.678391965737305,2.527142204210961,Normal,1,Normal
2026-01-27 02:00:00,50.0519758987071,1.853947273637796,Normal,1,Normal
2026-01-22 09:00:00,50.46218168979201,2.15979181831628,Normal,1,Normal
2026-02-05 19:00:00,58.16465908877756,2.858015325630446,Normal,1,Normal
2026-01-06 16:00:00,51.08373353831882,2.9121133816127367,Normal,1,Normal
2026-02-03 19:00:00,52.80134470862912,2.796850996428757,Normal,1,Normal
2026-01-04 04:00:00,55.43523534119085,2.51520139126728,Normal,1,Normal
2026-01-27 12:00:00,59.11585291980957,2.57057662211089,Normal,1,Normal
2026-02-10 13:00:00,86.9139749128892,6.694736194718775,Anomaly,1,Normal
2026-02-09 02:00:00,56.219003568856,2.3104642611716337,Normal,1,Normal
2026-02-07 11:00:00,50.91532164506382,2.670877744748674,Normal,1,Normal
2026-01-12 16:00:00,55.56758672625624,2.2770032859968667,Normal,1,Normal
2026-02-06 19:00:00,60.22080438534536,2.6148496660807297,Normal,1,Normal
2026-02-01 17:00:00,55.6100490732268,2.451847534418561,Normal,1,Normal
2026-01-14 07:00:00,54.34928472816158,2.994437270084175,Normal,1,Normal
2026-01-23 21:00:00,51.9800740664209,2.737010779680473,Normal,1,Normal
2026-01-08 06:00:00,56.3834539966501,3.1533726129204385,Normal,1,Normal
2026-01-16 11:00:00,57.48999145622725,2.7118771017426924,Normal,1,Normal
2026-01-22 23:00:00,55.24042473330691,2.667812977562811,Normal,1,Normal
2026-01-09 18:00:00,57.85445255346583,1.5002377140505707,Normal,1,Normal
2026-01-10 19:00:00,58.169595111590056,2.8763084751952865,Normal,1,Normal
2026-01-05 05:00:00,52.89677338617321,2.6583214133749635,Normal,1,Normal
2026-02-11 02:00:00,87.0299172919566,7.225095786847997,Anomaly,-1,Anomaly
2026-02-07 14:00:00,55.143724114674086,2.022545267297408,Normal,1,Normal
2026-02-09 11:00:00,51.540459650593775,3.1394588682018867,Normal,1,Normal
2026-01-15 10:00:00,47.75957829251338,2.8676305931951074,Normal,1,Normal
2026-01-06 19:00:00,48.84567841783022,2.421460060366009,Normal,1,Normal
2026-01-26 21:00:00,57.35734178567998,1.9982842307323003,Normal,1,Normal
2026-01-21 19:00:00,48.08600134517832,2.5085086306944246,Normal,1,Normal
2026-01-16 10:00:00,55.12255087129471,2.522659969958843,Normal,1,Normal
2026-01-09 06:00:00,55.29104359223,3.137802025289989,Normal,1,Normal
2026-01-29 15:00:00,53.12589596225201,2.6694396262373843,Normal,1,Normal
2026-01-25 08:00:00,55.90933127529247,2.313585399252703,Normal,1,Normal
2026-02-07 13:00:00,53.0333059383632,3.2101243570438047,Normal,1,Normal
2026-01-03 11:00:00,59.8777256356118,2.285905915375773,Normal,1,Normal
2026-01-14 16:00:00,58.12059908526078,2.5768196465960127,Normal,1,Normal
2026-01-05 00:00:00,56.48060138532288,2.760929151365368,Normal,1,Normal
2026-01-14 00:00:00,59.12708174494015,2.715502396978548,Normal,1,Normal
2026-02-10 14:00:00,101.5926613579998,6.481291243554103,Anomaly,-1,Anomaly
2026-01-13 11:00:00,58.14814420961806,1.877641741518549,Normal,1,Normal
2026-01-12 13:00:00,51.99891561420603,2.4411991993486044,Normal,1,Normal
2026-02-08 12:00:00,60.97523314462421,3.024123498447844,Normal,1,Normal
2026-01-26 01:00:00,50.389173379111874,2.4185304999292137,Normal,1,Normal
2026-01-19 07:00:00,54.7222615055169,2.1986328518615266,Normal,1,Normal
2026-02-04 21:00:00,50.00822979630605,2.199137437763767,Normal,1,Normal
2026-01-24 18:00:00,55.09209189594776,2.988413478210141,Normal,1,Normal
2026-02-06 15:00:00,60.94196636724042,2.507539849177939,Normal,1,Normal
2026-01-11 21:00:00,54.702373219691,2.222837920881637,Normal,1,Normal
2026-01-25 02:00:00,47.60706877110079,2.3044602312854905,Normal,1,Normal
2026-01-01 23:00:00,47.87625906893272,2.2389504082790435,Normal,1,Normal
2026-01-02 06:00:00,51.991466938853016,2.814320063460333,Normal,1,Normal
2026-01-26 17:00:00,58.62883311949346,2.70637568708164,Normal,1,Normal
2026-01-01 10:00:00,52.68291153593769,2.757089103947018,Normal,1,Normal
2026-01-10 05:00:00,45.66367403704126,2.6124765695877503,Normal,1,Normal
2026-02-04 04:00:00,52.41355774949814,2.517440978548981,Normal,1,Normal
2026-01-13 08:00:00,59.49799937716625,2.5136333873036905,Normal,1,Normal
2026-01-03 06:00:00,60.15499761247976,2.779289325445436,Normal,1,Normal
2026-01-23 14:00:00,57.64902088957641,2.274300960537045,Normal,1,Normal
2026-01-09 17:00:00,74.26365745327361,2.370067446596551,Normal,1,Normal
2026-01-26 04:00:00,57.067174516118506,2.409408443239389,Normal,1,Normal
2026-01-29 20:00:00,49.59468336200051,2.468143443501714,Normal,1,Normal
2026-01-28 14:00:00,54.83623364892001,2.853243910858864,Normal,1,Normal
2026-02-06 02:00:00,56.429326953624525,1.639273839468278,Normal,1,Normal
2026-01-03 22:00:00,56.80697802754207,2.7091341952142,Normal,1,Normal
2026-01-23 15:00:00,62.20784310328951,2.5738205212788148,Normal,1,Normal
2026-01-05 11:00:00,55.8728890641592,2.9690916077037457,Normal,1,Normal
2026-01-21 13:00:00,50.693578993358685,1.9812672208176612,Normal,1,Normal
2026-01-25 14:00:00,55.35783118609696,2.488994037979745,Normal,1,Normal
2026-01-31 21:00:00,48.60211516632149,2.3100385373509904,Normal,1,Normal
2026-01-13 04:00:00,52.05317621527895,2.267327634420542,Normal,1,Normal
2026-01-13 01:00:00,51.88650240089703,3.1513586492514154,Normal,1,Normal
2026-01-28 04:00:00,53.65555654722585,2.241614328350186,Normal,1,Normal
2026-01-02 15:00:00,55.984306179345616,2.510754335597812,Normal,1,Normal
2026-01-25 13:00:00,50.71958087045567,1.3510951146873402,Normal,1,Normal
2026-01-13 19:00:00,52.04214305582085,2.667607603746418,Normal,1,Normal
2026-01-29 07:00:00,61.35777547497079,2.841109470048888,Normal,1,Normal
2026-01-03 18:00:00,54.63994939209833,2.239432798554221,Normal,1,Normal
2026-01-12 11:00:00,57.31051737131635,2.448071720106629,Normal,1,Normal
2026-01-03 19:00:00,60.01766448946012,2.3064456663782718,Normal,1,Normal
2026-01-14 06:00:00,56.62083176244221,2.2057880229640934,Normal,1,Normal
2026-01-23 20:00:00,56.85572936685654,2.909625010324585,Normal,1,Normal
2026-02-11 14:00:00,94.00840200617736,6.336933036056236,Anomaly,-1,Anomaly
2026-01-30 18:00:00,54.81182648787576,3.018797818624444,Normal,1,Normal
2026-02-01 09:00:00,60.2682089830392,2.9438799367824893,Normal,1,Normal
2026-01-14 15:00:00,58.95831346981468,2.6573271357577486,Normal,1,Normal
2026-01-16 22:00:00,44.380521378450965,2.4146228516279167,Normal,1,Normal
2026-01-19 19:00:00,59.77571160250619,2.7146611010109143,Normal,1,Normal
2026-01-22 18:00:00,51.686881205270765,2.446393133330833,Normal,1,Normal
2026-01-10 02:00:00,52.57318226085448,2.7379017366661142,Normal,1,Normal
2026-02-02 19:00:00,57.29590039614219,2.072878831368323,Normal,1,Normal
2026-01-19 04:00:00,63.14307772785646,3.020696515759519,Normal,1,Normal
2026-02-01 20:00:00,60.74636663142838,2.285868725618431,Normal,1,Normal
2026-01-04 16:00:00,52.351198981164806,2.589780727423989,Normal,1,Normal
2026-01-03 15:00:00,49.01896687959665,2.2243248727641727,Normal,1,Normal
2026-02-04 10:00:00,62.89786072865356,2.255292363637886,Normal,1,Normal
2026-01-30 20:00:00,55.5711382433102,2.100279107082036,Normal,1,Normal
2026-01-15 15:00:00,62.37678108474776,2.896816939814609,Normal,1,Normal
2026-02-09 00:00:00,49.89383591434643,2.1761585920313413,Normal,1,Normal
2026-01-11 16:00:00,61.33455574593312,2.2192033248772978,Normal,1,Normal
2026-01-27 11:00:00,46.72571664067115,2.777242242905257,Normal,1,Normal
2026-01-27 20:00:00,53.77128467957028,1.5548270257832646,Normal,1,Normal
2026-01-24 02:00:00,56.68801331037601,2.4319261509900287,Normal,1,Normal
2026-02-09 23:00:00,86.14354475810966,6.723238914129159,Anomaly,-1,Anomaly
2026-01-08 00:00:00,53.77305941998565,2.580439618685987,Normal,1,Normal
2026-02-08 05:00:00,55.93304561578179,2.950682054731033,Normal,1,Normal
2026-01-23 00:00:00,56.29861250860741,2.14500312887916,Normal,1,Normal
2026-02-04 07:00:00,53.18580719780171,2.577842982094897,Normal,1,Normal
2026-02-11 01:00:00,72.97623737283877,7.013085420097293,Anomaly,-1,Anomaly
2026-02-04 00:00:00,56.33525132934629,3.3683770869991254,Normal,1,Normal
2026-01-04 14:00:00,59.57701058851037,2.0096937347990638,Normal,1,Normal
2026-01-19 00:00:00,53.65296582777721,3.362923285306201,Normal,1,Normal
2026-01-08 16:00:00,53.88268607337075,2.4023373458837405,Normal,1,Normal
2026-02-10 18:00:00,93.80767707998857,5.727122332176391,Anomaly,-1,Anomaly
2026-01-23 06:00:00,51.7408194609892,2.5898738903007543,Normal,1,Normal
2026-01-13 06:00:00,56.78507742982524,2.240288981973597,Normal,1,Normal
2026-02-07 04:00:00,60.33337344794577,2.2805100369036158,Normal,1,Normal
2026-01-18 17:00:00,61.84315778766175,2.4162705291392537,Normal,1,Normal
2026-01-30 17:00:00,56.99568057176035,2.256871205162227,Normal,1,Normal
2026-01-11 20:00:00,50.36534764210958,2.002454705843486,Normal,1,Normal
2026-01-10 21:00:00,55.93227157384714,2.4101467400011902,Normal,1,Normal
2026-01-24 07:00:00,52.89507759589869,3.0910120324221046,Normal,1,Normal
2026-01-25 07:00:00,66.35346428902199,2.4409589654805326,Normal,1,Normal
2026-01-19 13:00:00,58.348362744150194,2.5738721223459637,Normal,1,Normal
2026-02-06 03:00:00,56.67228394993513,2.212338672303032,Normal,1,Normal
2026-02-03 08:00:00,59.69141902987999,1.418707082800305,Normal,1,Normal
2026-01-25 23:00:00,56.88650246522426,2.990773289553723,Normal,1,Normal
2026-02-05 09:00:00,52.34501522499091,2.508524659468777,Normal,1,Normal
2026-01-12 01:00:00,48.76108409017575,2.9990968290694937,Normal,1,Normal
2026-02-11 11:00:00,82.04311731165093,7.570150238316428,Anomaly,-1,Anomaly
2026-01-23 01:00:00,50.47841687447796,2.325016679870636,Normal,1,Normal
2026-01-03 07:00:00,59.65640059558099,2.6573941541687,Normal,1,Normal
2026-01-06 00:00:00,58.95515973521523,2.4812317684483265,Normal,1,Normal
2026-01-09 23:00:00,58.79484610246634,3.475900962535709,Normal,1,Normal
2026-01-02 01:00:00,55.55461294854933,1.7441837076217874,Normal,1,Normal
2026-01-04 00:00:00,54.82086980445024,2.4902581630956067,Normal,1,Normal
2026-01-02 20:00:00,47.60739004816286,2.0993519960420337,Normal,1,Normal
2026-01-11 07:00:00,51.73335383713144,2.720995981766859,Normal,1,Normal
2026-01-31 01:00:00,46.44915803671688,2.353270235274125,Normal,1,Normal
2026-01-12 17:00:00,58.31065337260523,1.9520788081683689,Normal,1,Normal
2026-02-07 05:00:00,60.84647795222836,2.537137960456446,Normal,1,Normal
2026-02-08 02:00:00,54.52352233806524,3.021736097151261,Normal,1,Normal
2026-02-03 18:00:00,54.06564177919321,3.155985811748557,Normal,1,Normal
2026-01-11 04:00:00,48.99851796472112,1.8628025065873324,Normal,1,Normal
2026-02-04 06:00:00,66.49449061809625,2.250940255306219,Normal,1,Normal
2026-01-14 09:00:00,57.975785127184565,2.7436552483628707,Normal,1,Normal
2026-01-27 19:00:00,47.48428523440947,2.8615739364344783,Normal,1,Normal
2026-01-07 14:00:00,49.04348251398676,2.250492415721678,Normal,1,Normal
2026-02-10 17:00:00,82.71196622495911,7.447526462122858,Anomaly,-1,Anomaly
2026-01-18 21:00:00,46.20630256788443,3.2304038854187747,Normal,1,Normal
2026-02-09 05:00:00,59.36228664140072,2.502568907924375,Normal,1,Normal
2026-01-20 06:00:00,51.50137246003708,2.682355108832643,Normal,1,Normal
2026-01-13 21:00:00,53.98903673783053,2.4776923689369177,Normal,1,Normal
2026-01-30 01:00:00,48.74443211807348,2.894291998271945,Normal,1,Normal
2026-01-03 12:00:00,52.60412881077355,3.02695762625373,Normal,1,Normal
2026-02-06 20:00:00,58.40945744813156,2.255025050143825,Normal,1,Normal
2026-01-25 19:00:00,52.44991800572627,2.6875097024300096,Normal,1,Normal
2026-02-01 23:00:00,63.85400317817755,2.5761998719116264,Normal,1,Normal
2026-01-28 01:00:00,58.48103182406709,2.208798823508346,Normal,1,Normal
2026-01-28 02:00:00,64.24478047472672,2.426841423558064,Normal,1,Normal
2026-02-06 01:00:00,53.06149220032008,2.143523109833885,Normal,1,Normal
2026-01-28 20:00:00,41.74515095803494,2.3294569615177827,Normal,1,Normal
2026-01-13 10:00:00,59.0643105941948,2.5935143647162997,Normal,1,Normal
2026-01-29 17:00:00,57.2213165574302,2.0729868342982907,Normal,1,Normal
2026-01-14 02:00:00,61.52739403577164,2.567744329614431,Normal,1,Normal
2026-01-13 22:00:00,53.911593983863895,2.723330765008689,Normal,1,Normal
2026-01-16 01:00:00,62.66369456501289,2.8271065196801146,Normal,1,Normal
2026-01-20 23:00:00,60.59787455717289,2.389274680044432,Normal,1,Normal
2026-01-05 14:00:00,45.40614392350479,2.808679484259338,Normal,1,Normal
2026-02-11 05:00:00,85.78386522776717,6.931922544673941,Anomaly,-1,Anomaly
2026-01-21 06:00:00,51.76713557878737,2.4005235495265813,Normal,1,Normal
2026-01-16 03:00:00,57.00855861049471,2.723124122540745,Normal,1,Normal
2026-01-11 14:00:00,47.403150170229935,2.519544028130282,Normal,1,Normal
2026-01-11 19:00:00,58.87317026714668,3.199830697274776,Normal,1,Normal
2026-02-03 10:00:00,55.48060388470492,2.2383697267490303,Normal,1,Normal
2026-01-29 05:00:00,63.76135221711812,3.0124065446940453,Normal,1,Normal
2026-01-21 14:00:00,62.61562038634828,2.6598751807010568,Normal,1,Normal
2026-01-28 22:00:00,61.23042596248815,2.545308164215106,Normal,1,Normal
2026-01-16 17:00:00,55.91671002869176,2.4423649777113536,Normal,1,Normal
2026-01-22 22:00:00,46.862287810584185,2.4516207405568875,Normal,1,Normal
2026-02-05 05:00:00,57.46225632004074,2.1992122673044725,Normal,1,Normal
2026-01-06 17:00:00,53.38969241897162,2.5955156636106054,Normal,1,Normal
2026-01-15 19:00:00,49.98735317681096,2.140612807283585,Normal,1,Normal
2026-01-16 05:00:00,52.99389764057082,1.975265507059936,Normal,1,Normal
2026-02-09 06:00:00,58.251005889793305,2.3254456437893727,Normal,1,Normal
2026-02-01 05:00:00,47.96669451575889,2.57183271277584,Normal,1,Normal
2026-02-09 12:00:00,54.77206991822251,2.7243677791764958,Normal,1,Normal
2026-02-04 13:00:00,53.59107695569747,2.2230316080504577,Normal,1,Normal
2026-01-28 08:00:00,55.06964645956473,2.549068126397918,Normal,1,Normal
2026-01-09 07:00:00,49.28514851084688,2.161215460672669,Normal,1,Normal
2026-01-09 21:00:00,58.25695625652899,1.8418405012172432,Normal,1,Normal
2026-01-18 00:00:00,55.601478158559495,1.9084353724903484,Normal,1,Normal
2026-01-14 20:00:00,55.37902279096864,2.783243470675436,Normal,1,Normal
2026-01-09 16:00:00,57.57523843153024,2.892706194796638,Normal,1,Normal
2026-01-26 13:00:00,49.37255476350812,2.85361815854442,Normal,1,Normal
2026-01-04 06:00:00,55.45880388267752,2.7454071890921665,Normal,1,Normal
2026-01-02 05:00:00,53.54153125103362,2.804165862457719,Normal,1,Normal
2026-01-23 07:00:00,55.23699335658207,2.873036332749236,Normal,1,Normal
2026-01-29 23:00:00,53.45226780343005,2.6713228388830594,Normal,1,Normal
2026-01-24 05:00:00,52.8372090609019,2.882122083428204,Normal,1,Normal
2026-02-04 20:00:00,62.75250246407038,2.3763163691800546,Normal,1,Normal
2026-01-25 20:00:00,53.65062532353314,2.1006458243246837,Normal,1,Normal
2026-01-07 21:00:00,57.063904634682494,2.64598440098649,Normal,1,Normal
2026-02-08 06:00:00,52.76783192724736,2.0636134279139204,Normal,1,Normal
2026-01-21 15:00:00,57.694550218423295,2.2394572424832684,Normal,1,Normal
2026-02-04 08:00:00,52.77248739299614,2.2030117657207806,Normal,1,Normal
2026-01-03 17:00:00,61.78120014285412,2.5791643133850592,Normal,1,Normal
2026-01-06 21:00:00,61.53571377141214,2.4851111053960637,Normal,1,Normal
2026-02-08 13:00:00,47.384065476081126,3.0582735243159824,Normal,1,Normal
2026-02-04 11:00:00,52.38569986423366,2.485185281180635,Normal,1,Normal
2026-01-28 07:00:00,55.29609217007244,2.118668556696515,Normal,1,Normal
2026-01-14 19:00:00,50.51372814257084,2.4390120654477823,Normal,1,Normal
2026-01-28 16:00:00,51.43577108661418,2.42780803456375,Normal,1,Normal
2026-01-11 09:00:00,57.02490855480477,3.045656171989538,Normal,1,Normal
2026-02-07 19:00:00,58.731267830136105,2.399981394160419,Normal,1,Normal
2026-01-30 12:00:00,44.59035296058139,2.0973829738881435,Normal,1,Normal
2026-01-13 17:00:00,55.58663691654391,2.016143592523518,Normal,1,Normal
2026-01-31 14:00:00,60.14577818662822,2.028384083536079,Normal,1,Normal
2026-02-10 15:00:00,77.64492326730861,6.111481546911114,Anomaly,-1,Anomaly
2026-01-03 01:00:00,46.18479922318633,2.729033112542464,Normal,1,Normal
2026-02-07 08:00:00,54.16440959841573,3.00628313634588,Normal,1,Normal
2026-01-01 02:00:00,58.23844269050346,1.9993842303238225,Normal,1,Normal
2026-01-23 16:00:00,42.64177749936356,3.1168439810271504,Normal,1,Normal
2026-01-15 14:00:00,56.554537827990025,2.2327638185427805,Normal,1,Normal
2026-02-07 16:00:00,55.95549534009952,2.9002329272171914,Normal,1,Normal
2026-01-23 08:00:00,50.69793317358024,1.9326537068267875,Normal,1,Normal
2026-01-15 08:00:00,52.644808471908384,2.532731743419026,Normal,1,Normal
2026-02-11 10:00:00,89.97257511884841,6.851448207541583,Anomaly,-1,Anomaly
2026-01-21 01:00:00,50.22229779699787,2.826294885015719,Normal,1,Normal
2026-01-24 23:00:00,43.944323454960575,2.9354994478816745,Normal,1,Normal
2026-01-02 09:00:00,49.7114453552205,2.480915457543208,Normal,1,Normal
2026-01-02 07:00:00,64.26139092254469,2.6701830247139857,Normal,1,Normal
2026-01-10 15:00:00,56.08229294790988,3.05680091453784,Normal,1,Normal
2026-02-10 03:00:00,89.00675579955566,7.145215585950057,Anomaly,-1,Anomaly
2026-01-09 00:00:00,56.07046872065102,2.439977765186989,Normal,1,Normal
2026-01-14 21:00:00,51.61419144243944,2.8826809267178337,Normal,1,Normal
2026-01-01 03:00:00,62.61514928204013,3.077505841629304,Normal,1,Normal
2026-01-09 12:00:00,48.111653160214544,3.156806064054548,Normal,1,Normal
2026-01-22 10:00:00,52.116143347158335,2.267790620078111,Normal,1,Normal
2026-02-03 07:00:00,55.14878069747873,2.9004184370268566,Normal,1,Normal
2026-01-13 18:00:00,61.38832447894213,3.169028954735081,Normal,1,Normal
2026-01-05 13:00:00,54.62777042116917,2.351754267165558,Normal,1,Normal
2026-01-18 22:00:00,49.083707436671126,2.7711703485357075,Normal,1,Normal
2026-01-04 05:00:00,53.50496324767066,2.5480125306873047,Normal,1,Normal
2026-01-04 12:00:00,50.95753198553406,2.3067254150802503,Normal,1,Normal
2026-01-12 22:00:00,54.24107452482208,3.171080325630576,Normal,1,Normal
2026-01-04 10:00:00,62.38947022370758,2.659689249042112,Normal,1,Normal
2026-02-11 07:00:00,81.86681146062567,7.254291329813574,Anomaly,-1,Anomaly
2026-02-02 21:00:00,46.69519533242004,3.18424534903277,Normal,1,Normal
2026-02-07 06:00:00,61.91079495518763,2.56394255679896,Normal,1,Normal
2026-01-17 14:00:00,54.42730077373691,1.9532485206338317,Normal,1,Normal
2026-01-14 11:00:00,65.4619363784273,2.37343662012208,Normal,1,Normal
2026-01-22 15:00:00,58.75693561685895,2.6778410672880564,Normal,1,Normal
2026-02-08 04:00:00,58.0394825485827,2.913018481736663,Normal,1,Normal
2026-02-08 10:00:00,55.66484837073438,2.376786286325704,Normal,1,Normal
2026-01-01 05:00:00,53.8293152152541,2.946918332635251,Normal,1,Normal
2026-01-31 11:00:00,50.10813611192484,2.4903217574436334,Normal,1,Normal
2026-01-20 09:00:00,53.89515200233389,2.871136051232495,Normal,1,Normal
2026-01-05 01:00:00,56.30527636089945,1.8694431372063,Normal,1,Normal
2026-01-12 02:00:00,63.16205651965818,2.2306037503024525,Normal,1,Normal
2026-01-15 21:00:00,53.55670680539931,2.4963524013423184,Normal,1,Normal
2026-02-06 04:00:00,58.29272136336415,2.415547904468922,Normal,1,Normal
2026-02-03 06:00:00,55.14159188065231,2.575832646639497,Normal,1,Normal
2026-01-16 20:00:00,50.80139078909612,3.1123003329374788,Normal,1,Normal
2026-01-27 07:00:00,62.64775159730307,2.959454939771486,Normal,1,Normal
2026-01-16 21:00:00,52.003036772779886,2.9875047406789266,Normal,1,Normal
2026-01-21 10:00:00,54.96013679341692,2.765152507466965,Normal,1,Normal
2026-01-05 22:00:00,60.7141140725751,2.312919519475243,Normal,1,Normal
2026-02-07 12:00:00,56.84336654436451,2.2415090760624787,Normal,1,Normal
2026-01-11 10:00:00,48.69558022832477,2.550089801059163,Normal,1,Normal
2026-01-22 19:00:00,57.8529933429658,2.505875277891678,Normal,1,Normal
2026-01-01 09:00:00,57.71280021792983,2.679083424006926,Normal,1,Normal
2026-01-09 04:00:00,50.580712818994336,2.061489965241919,Normal,1,Normal
2026-01-26 03:00:00,61.77818929402476,2.169247858384056,Normal,1,Normal
2026-01-04 09:00:00,56.78556285755873,1.8325663704489643,Normal,1,Normal
2026-02-02 15:00:00,58.05292872641912,2.37872808686629,Normal,1,Normal
2026-01-25 11:00:00,50.75077815267604,2.2869196641352354,Normal,1,Normal
2026-02-03 05:00:00,58.40750348686312,2.700437667975938,Normal,1,Normal
2026-01-10 23:00:00,59.26216667398112,2.112662218054546,Normal,1,Normal
2026-01-13 02:00:00,53.95938874821363,2.348348903605005,Normal,1,Normal
2026-01-09 19:00:00,60.677828200902994,3.4163770290362967,Normal,1,Normal
2026-01-30 21:00:00,55.751508807309385,2.298090031508713,Normal,1,Normal
2026-01-15 23:00:00,50.86384528223839,2.6898792931519813,Normal,1,Normal
2026-01-19 17:00:00,49.703932390555245,2.2372422884114416,Normal,1,Normal
2026-01-10 11:00:00,49.61127611035347,2.4606641492821,Normal,1,Normal
2026-02-09 14:00:00,90.57563523608589,4.726967531793118,Anomaly,-1,Anomaly
2026-02-09 10:00:00,47.37237414537631,2.396481574933159,Normal,1,Normal
2026-02-03 04:00:00,54.802224230716725,2.890079051912972,Normal,1,Normal
2026-01-21 21:00:00,64.54708320235065,3.1808859778540954,Normal,1,Normal
2026-01-20 08:00:00,54.43835975154585,2.242592707847942,Normal,1,Normal
2026-01-16 02:00:00,54.45619925771571,3.056083019606925,Normal,1,Normal
2026-01-20 12:00:00,52.34749426194736,3.111387370565013,Normal,1,Normal
2026-02-08 23:00:00,52.48972887823695,2.612064463527843,Normal,1,Normal
2026-01-18 20:00:00,60.292122434247936,2.257753784105254,Normal,1,Normal
2026-01-01 07:00:00,58.837173645764544,2.682701287661513,Normal,1,Normal
2026-01-07 11:00:00,51.42824290986816,2.084037629149788,Normal,1,Normal
2026-01-23 13:00:00,49.35146572671191,3.523279714267301,Normal,1,Normal
2026-01-19 08:00:00,56.92032724469654,2.6839888571756467,Normal,1,Normal
2026-01-21 02:00:00,46.96776839871214,2.844189395343898,Normal,1,Normal
2026-01-18 14:00:00,53.75517925760463,1.9512395428274572,Normal,1,Normal
2026-02-02 10:00:00,54.62783285449977,2.6469149253605364,Normal,1,Normal
2026-02-09 13:00:00,56.21669724661346,2.381807872788336,Normal,1,Normal
2026-01-14 22:00:00,59.87559866708875,2.18560421579682,Normal,1,Normal
2026-01-25 00:00:00,56.17807279054283,3.253834522373844,Normal,1,Normal
2026-02-08 22:00:00,57.200072250266665,2.489437697216429,Normal,1,Normal
2026-01-24 15:00:00,49.95956844541298,2.752324673821911,Normal,1,Normal
2026-01-25 18:00:00,60.1876997212895,2.259115175855288,Normal,1,Normal
2026-01-23 02:00:00,58.19296229388687,2.7889525431311086,Normal,1,Normal
2026-01-25 05:00:00,52.923560430496,1.7926242537748591,Normal,1,Normal
2026-01-30 11:00:00,63.77397090992182,3.027039014243184,Normal,1,Normal
2026-01-19 16:00:00,52.43066541331653,2.98016556317777,Normal,1,Normal
2026-01-19 21:00:00,57.52023257758922,2.787581324266027,Normal,1,Normal
2026-01-10 12:00:00,51.42348145370016,2.104563557139633,Normal,1,Normal
2026-01-15 16:00:00,59.2882981160101,2.4300160973218365,Normal,1,Normal
2026-01-31 08:00:00,52.30120159845319,2.899324359259184,Normal,1,Normal
2026-01-09 20:00:00,59.770008817466014,1.944171013294561,Normal,1,Normal
2026-01-04 07:00:00,45.06215542699554,2.0908829739206376,Normal,1,Normal
2026-01-07 04:00:00,57.60970782808449,2.8665310698809927,Normal,1,Normal
2026-01-13 14:00:00,58.73646802561631,1.7025057429714177,Normal,1,Normal
2026-01-27 04:00:00,55.27862456144347,2.2061633692807803,Normal,1,Normal
2026-02-02 09:00:00,53.76240682224248,2.823223119312458,Normal,1,Normal
2026-01-22 02:00:00,52.03803037880566,2.801336648441813,Normal,1,Normal
2026-01-15 06:00:00,56.22483285554361,2.4975716353840425,Normal,1,Normal
2026-01-21 05:00:00,47.888731452011626,2.61303198019532,Normal,1,Normal
2026-01-30 15:00:00,54.51643444064804,2.452772589203569,Normal,1,Normal
2026-01-06 13:00:00,57.36796215317591,3.330699193424336,Normal,1,Normal
2026-01-30 07:00:00,47.95769351818221,2.3587334828757247,Normal,1,Normal
2026-01-13 23:00:00,60.49388425993595,2.5304021565649646,Normal,1,Normal
2026-01-31 02:00:00,48.25907288947143,2.343296740382472,Normal,1,Normal
2026-01-27 05:00:00,60.47095759235474,2.175899025194248,Normal,1,Normal
2026-01-01 00:00:00,57.48357076505616,2.403505576857468,Normal,1,Normal
2026-01-14 04:00:00,58.40976485647482,2.45550957546052,Normal,1,Normal
2026-01-30 10:00:00,48.597853237518585,2.5673843905078457,Normal,1,Normal
2026-01-23 19:00:00,53.98477306978504,2.983346492237257,Normal,1,Normal
2026-02-06 08:00:00,48.10340385992736,2.4100576072767685,Normal,1,Normal
2026-01-23 04:00:00,54.669601006763415,3.190785540493362,Normal,1,Normal
2026-01-20 21:00:00,56.55625077271768,2.058716653711327,Normal,1,Normal
2026-01-17 20:00:00,52.74967264260378,2.269395839709312,Normal,1,Normal
2026-01-08 04:00:00,54.61449145292948,2.755492088811674,Normal,1,Normal
2026-01-06 05:00:00,65.95227812904989,2.302497366735475,Normal,1,Normal
2026-01-17 10:00:00,60.89720060360644,2.8798216541765296,Normal,1,Normal
2026-01-18 12:00:00,65.30373962440993,2.43082157603063,Normal,1,Normal
2026-01-24 00:00:00,60.83891030829904,2.172720446631077,Normal,1,Normal
2026-02-07 15:00:00,61.39225931303649,2.8676616694440007,Normal,1,Normal
2026-01-04 18:00:00,55.4853877467402,3.173571076583148,Normal,1,Normal
2026-02-09 03:00:00,52.17960684631636,2.4942190916486884,Normal,1,Normal
2026-01-08 13:00:00,50.714212217918586,2.6687683016941137,Normal,1,Normal
2026-01-12 10:00:00,50.09245674476024,2.425884936448917,Normal,1,Normal
2026-02-07 07:00:00,58.24354943794821,2.0889299436296165,Normal,1,Normal
2026-01-03 21:00:00,51.774401226974376,2.6696663785607666,Normal,1,Normal
2026-01-13 03:00:00,52.53499532670584,2.418567855959055,Normal,1,Normal
2026-01-06 11:00:00,55.34281487403014,2.360296918272629,Normal,1,Normal
2026-01-13 12:00:00,50.85502494538964,2.632352092885782,Normal,1,Normal
2026-01-18 16:00:00,58.226879747925736,3.0884681309974438,Normal,1,Normal
2026-01-14 14:00:00,60.79055436750034,3.427731815992677,Normal,1,Normal
2026-01-07 00:00:00,56.29941397124212,2.793056030886232,Normal,1,Normal
2026-01-18 15:00:00,59.85785475477178,1.8545754408493036,Normal,1,Normal
2026-01-25 04:00:00,56.69248203747207,2.556354498764481,Normal,1,Normal
2026-01-06 15:00:00,62.7496720250877,2.672016658876428,Normal,1,Normal
2026-01-19 18:00:00,54.686604513634144,2.081235606927224,Normal,1,Normal
2026-01-07 20:00:00,59.816880646221605,2.5601675620574307,Normal,1,Normal
2026-01-02 04:00:00,51.99680655040598,1.866438870605711,Normal,1,Normal
2026-02-02 05:00:00,59.86277224813365,2.746146993605221,Normal,1,Normal
2026-01-09 01:00:00,48.77130610644006,2.550230581388617,Normal,1,Normal
2026-01-17 04:00:00,59.75211919093025,2.3447292725835087,Normal,1,Normal
2026-02-05 12:00:00,51.81306436346741,2.2166372932358147,Normal,1,Normal
2026-01-08 01:00:00,51.23131917821255,2.920261758403045,Normal,1,Normal
2026-01-30 09:00:00,58.0300497567282,2.3818394359443884,Normal,1,Normal
2026-01-06 20:00:00,56.13729967302065,2.4713594962343746,Normal,1,Normal
2026-01-08 05:00:00,56.70575987408322,2.0427980349078068,Normal,1,Normal
2026-01-01 06:00:00,62.89606407753696,2.637090138551081,Normal,1,Normal
2026-02-01 01:00:00,51.37128093423267,3.275571599623314,Normal,1,Normal
2026-01-20 22:00:00,70.3944040422762,2.411498550565691,Normal,1,Normal
2026-01-04 01:00:00,62.82321827907003,3.3569081434447456,Normal,1,Normal
2026-02-07 22:00:00,53.461108825234994,2.446276503411781,Normal,1,Normal
2026-02-03 21:00:00,55.98277388255787,1.8592136752411328,Normal,1,Normal
2026-01-10 22:00:00,51.69106767615806,2.7200208396098207,Normal,1,Normal
2026-01-07 01:00:00,58.90911435888656,2.4677133679565677,Normal,1,Normal
2026-02-03 00:00:00,56.35789418597687,2.5280208652452725,Normal,1,Normal
2026-01-10 18:00:00,65.71972044662662,2.104148745371865,Normal,1,Normal
2026-01-10 04:00:00,66.57329283336755,2.803571435914706,Normal,1,Normal
2026-02-08 11:00:00,51.499395925304135,2.811864212907736,Normal,1,Normal
2026-01-21 20:00:00,59.630887737658206,2.623533205039585,Normal,1,Normal
2026-01-06 12:00:00,49.68848143136948,2.371345979513047,Normal,1,Normal
2026-02-11 06:00:00,87.46440431603281,7.300409525227682,Anomaly,-1,Anomaly
2026-02-02 06:00:00,58.10904981108598,2.125824519182162,Normal,1,Normal
2026-01-08 17:00:00,58.57000247046046,2.8856348673153427,Normal,1,Normal
2026-01-02 17:00:00,55.85684140594985,1.6833060526302837,Normal,1,Normal
2026-01-30 00:00:00,56.63066511121059,2.4251422939981806,Normal,1,Normal
2026-01-05 12:00:00,56.28775195361382,2.717440061837773,Normal,1,Normal
2026-01-25 12:00:00,59.15167908272123,2.0320332657158846,Normal,1,Normal
2026-01-03 08:00:00,50.80391238388681,2.858077288011093,Normal,1,Normal
2026-01-17 21:00:00,58.114249661737496,1.463583083142036,Normal,1,Normal
2026-01-19 10:00:00,44.66278949980062,3.3053548990106494,Normal,1,Normal
2026-02-01 13:00:00,55.92418061847437,3.2599527739580862,Normal,1,Normal
2026-02-11 13:00:00,84.76589749052017,5.618125348772282,Anomaly,-1,Anomaly
2026-01-02 00:00:00,52.27808637737409,2.321526626714088,Normal,1,Normal
2026-01-20 11:00:00,58.787538550236526,2.6074369115453027,Normal,1,Normal
2026-01-23 11:00:00,52.115540652384254,3.005033641370873,Normal,1,Normal
2026-01-23 03:00:00,46.6923996886552,2.350866739163293,Normal,1,Normal
2026-01-26 18:00:00,57.40504615868357,1.874981657245383,Normal,1,Normal
2026-01-29 22:00:00,57.96550628984192,2.075042588741248,Normal,1,Normal
2026-02-08 14:00:00,52.20539076364206,2.275132789368679,Normal,1,Normal
2026-01-15 02:00:00,57.06465727137813,2.05865335753045,Normal,1,Normal
2026-01-03 03:00:00,53.07458859791842,2.8698534731651075,Normal,1,Normal
2026-01-22 03:00:00,50.68004615160092,2.6524633539531117,Normal,1,Normal
2026-01-22 12:00:00,57.50458593812191,3.1679618017405624,Normal,1,Normal
2026-02-08 08:00:00,60.36815874929886,2.057718132605625,Normal,1,Normal
2026-02-02 13:00:00,48.32327820644949,2.360273281552721,Normal,1,Normal
2026-01-12 00:00:00,53.7371592430342,2.382020128683189,Normal,1,Normal
2026-02-04 01:00:00,59.44815397811718,2.429645675027065,Normal,1,Normal
2026-01-30 14:00:00,56.055087336013095,3.0268460269359463,Normal,1,Normal
2026-01-29 10:00:00,52.37739866860113,2.2425800670730154,Normal,1,Normal
2026-02-04 16:00:00,49.97929616623966,1.898111850387599,Normal,1,Normal
2026-01-22 14:00:00,55.49666152714613,2.021646775185926,Normal,1,Normal
2026-01-19 15:00:00,50.30060106836322,2.111354384595739,Normal,1,Normal
2026-01-01 18:00:00,50.45987962239394,2.4839368197422624,Normal,1,Normal
2026-01-30 19:00:00,60.516509410082605,2.4908527750804472,Normal,1,Normal
2026-01-21 03:00:00,56.01731817933612,2.266769024572425,Normal,1,Normal
2026-01-24 16:00:00,45.64604039487072,2.090325270268318,Normal,1,Normal
2026-01-19 01:00:00,58.58771127897981,2.2577140307986645,Normal,1,Normal
2026-01-16 07:00:00,55.06296200390897,2.377910118258133,Normal,1,Normal
2026-01-04 11:00:00,52.40864890863176,2.758878375881096,Normal,1,Normal
2026-01-03 13:00:00,54.07170511668092,2.57903984187696,Normal,1,Normal
2026-01-27 14:00:00,48.55019550129473,2.168963911740512,Normal,1,Normal
2026-01-12 08:00:00,60.8158187607748,2.7535107523728395,Normal,1,Normal
2026-01-12 21:00:00,45.23956100238749,3.155646722177627,Normal,1,Normal
2026-01-16 00:00:00,57.59673257120586,2.4899892165019426,Normal,1,Normal
2026-01-15 18:00:00,54.90491896048656,2.714603937428161,Normal,1,Normal
2026-01-20 00:00:00,54.46484820022721,1.9312757333032624,Normal,1,Normal
2026-01-12 14:00:00,55.349010424950094,2.885551646717964,Normal,1,Normal
2026-01-01 12:00:00,56.20981135783017,2.578608467880588,Normal,1,Normal
2026-01-08 14:00:00,49.64553750969444,3.145484507623459,Normal,1,Normal
2026-01-16 08:00:00,55.48838049274416,2.2561951191362866,Normal,1,Normal
2026-02-06 17:00:00,52.3456561353984,2.5932864525054007,Normal,1,Normal
2026-01-26 15:00:00,55.64610590987614,2.3874689771527144,Normal,1,Normal
2026-01-10 07:00:00,46.93642064405174,2.474962748840191,Normal,1,Normal
2026-01-24 20:00:00,56.63463686882081,2.4094063604600677,Normal,1,Normal
2026-02-10 10:00:00,69.1656015169937,7.093556722280862,Anomaly,-1,Anomaly
2026-01-28 05:00:00,49.46737045629165,2.1803231973398987,Normal,1,Normal
2026-01-23 17:00:00,51.015523722647615,3.3024371552636493,Normal,1,Normal
2026-01-25 06:00:00,58.16390933053143,2.6292670856739124,Normal,1,Normal
2026-01-27 09:00:00,52.8655946502629,2.524671939939189,Normal,1,Normal
2026-01-08 08:00:00,55.065009459389536,2.621054186095613,Normal,1,Normal
2026-01-28 17:00:00,55.53215113845948,3.7772430271379447,Normal,1,Normal
2026-01-29 01:00:00,53.14279567002104,2.2327423657844023,Normal,1,Normal
2026-01-25 09:00:00,56.24110293150168,1.8621187730932816,Normal,1,Normal
2026-02-06 09:00:00,51.34534980029041,2.239998967670616,Normal,1,Normal
2026-01-17 09:00:00,64.15729382927177,2.9762585099145364,Normal,1,Normal
2026-01-07 19:00:00,50.89658840824145,2.6982727551890417,Normal,1,Normal
2026-01-11 08:00:00,63.82727120140548,2.5895656536258644,Normal,1,Normal
2026-01-27 10:00:00,49.93947812369916,2.6715266001322293,Normal,1,Normal
2026-02-06 21:00:00,64.23353662868017,2.6446014100824407,Normal,1,Normal
2026-01-28 21:00:00,60.45753425961231,2.959378283678702,Normal,1,Normal
2026-01-16 15:00:00,51.16326218555975,1.7098133734584513,Normal,1,Normal
2026-01-18 04:00:00,47.329429146321885,2.547832147365661,Normal,1,Normal
2026-01-04 02:00:00,41.90127447955128,3.1910172680402846,Normal,1,Normal
2026-01-05 17:00:00,67.31621056242643,1.80411448848876,Normal,1,Normal
2026-01-25 22:00:00,52.778533699619445,2.8064321113538764,Normal,1,Normal
2026-02-10 01:00:00,102.85040116954106,6.785554074857657,Anomaly,-1,Anomaly
2026-01-17 06:00:00,50.50792664325821,2.5642295924199456,Normal,1,Normal
2026-01-05 08:00:00,54.19357144166995,2.279877938461832,Normal,1,Normal
2026-01-05 18:00:00,54.03819517609439,2.355023623438747,Normal,1,Normal
2026-01-18 09:00:00,55.57837317146429,2.126692816370721,Normal,1,Normal
2026-01-22 21:00:00,45.9755894966774,2.7593121735375434,Normal,1,Normal
2026-01-20 01:00:00,49.82378838790313,3.1005334607821946,Normal,1,Normal
2026-01-18 01:00:00,57.57219417029374,2.5733439679116623,Normal,1,Normal
2026-01-04 20:00:00,51.48973453061324,2.9314723333725183,Normal,1,Normal
2026-02-08 18:00:00,52.22400236653401,2.885940653238983,Normal,1,Normal
2026-01-04 17:00:00,57.56633716556678,2.918839321044862,Normal,1,Normal
2026-01-15 00:00:00,50.87251401603744,1.7655178507586813,Normal,1,Normal
2026-02-11 04:00:00,93.68629059951478,5.858518404777048,Anomaly,-1,Anomaly
2026-02-08 09:00:00,49.867423502944696,2.414031587884506,Normal,1,Normal
2026-02-08 21:00:00,44.00597021689959,2.2630142963388424,Normal,1,Normal
2026-01-26 05:00:00,64.38397906279033,2.6469462027264714,Normal,1,Normal
2026-01-25 17:00:00,56.668310526434745,2.3171614973654915,Normal,1,Normal
2026-01-26 11:00:00,54.72207664544772,2.20111532834087,Normal,1,Normal
2026-01-04 22:00:00,53.03945923433921,2.430949080023672,Normal,1,Normal
2026-01-01 11:00:00,52.67135123214872,3.031661012052973,Normal,1,Normal
2026-01-17 12:00:00,46.434327354545616,1.478431546039218,Normal,-1,Anomaly
2026-01-23 05:00:00,48.94491900118771,2.340145525754159,Normal,1,Normal
2026-01-02 19:00:00,53.49448152205356,2.2272063008008804,Normal,1,Normal
2026-01-02 18:00:00,54.4217585880588,2.401129046991761,Normal,1,Normal
2026-01-14 17:00:00,58.1417275463214,2.3763534143189995,Normal,1,Normal
2026-01-07 23:00:00,64.48396491326974,2.476952481186566,Normal,1,Normal
2026-01-21 17:00:00,54.04830660958196,2.7345456075020373,Normal,1,Normal
2026-02-06 12:00:00,52.41194350481914,2.063840369022861,Normal,1,Normal
2026-01-25 21:00:00,50.10618142108847,2.6207167599277863,Normal,1,Normal
2026-02-01 12:00:00,57.466589504404446,2.7690294804810924,Normal,1,Normal
2026-01-05 04:00:00,47.923146289747926,2.249774919396188,Normal,1,Normal
2026-01-18 18:00:00,50.17538269709948,2.232370904536033,Normal,1,Normal
2026-01-08 10:00:00,53.67671583381022,2.474344661362803,Normal,1,Normal
2026-01-19 12:00:00,48.47765249747573,2.3538713794751565,Normal,1,Normal
2026-01-18 08:00:00,62.75575987761262,2.4890781841960274,Normal,1,Normal
2026-02-06 06:00:00,54.11526386252975,2.447497213163078,Normal,1,Normal
2026-02-06 18:00:00,52.552802787408886,2.881254653565298,Normal,1,Normal
2026-01-29 08:00:00,58.60836032021618,2.69389312691779,Normal,1,Normal
2026-01-08 09:00:00,62.26767038578659,2.198289659992257,Normal,1,Normal
2026-01-17 11:00:00,52.65412173947647,1.9060408126200383,Normal,1,Normal
2026-02-07 23:00:00,56.0957516383197,2.824323309263913,Normal,1,Normal
2026-02-03 01:00:00,48.61625712089845,2.964751321043276,Normal,1,Normal
2026-02-10 00:00:00,98.86011999588074,6.445105999383713,Anomaly,-1,Anomaly
2026-01-29 12:00:00,48.88936095554027,2.366089867157384,Normal,1,Normal
2026-01-16 23:00:00,52.37122489159619,3.096290454739981,Normal,1,Normal
2026-02-09 20:00:00,72.432990783452,4.364325786021304,Anomaly,-1,Anomaly
2026-02-01 07:00:00,48.241576971918334,2.695674852059065,Normal,1,Normal
2026-01-11 17:00:00,51.461652671906094,2.2348396329796207,Normal,1,Normal
2026-01-23 10:00:00,60.0314640460722,1.889737474171962,Normal,1,Normal
2026-01-14 23:00:00,54.26471309248931,1.9675068185768887,Normal,1,Normal
2026-01-01 15:00:00,52.188562353795135,3.076046886179789,Normal,1,Normal
2026-01-14 12:00:00,49.96991309250149,2.9852390799916733,Normal,1,Normal
2026-02-01 14:00:00,50.70821109909393,2.4469465014469707,Normal,1,Normal
2026-01-10 06:00:00,58.431300951872565,2.5416804415807506,Normal,1,Normal
2026-01-08 11:00:00,68.6008458329481,2.631504964121392,Normal,1,Normal
2026-02-10 23:00:00,84.15241316556691,7.362393472382759,Anomaly,-1,Anomaly
2026-01-01 22:00:00,55.337641023439616,2.8362574195954897,Normal,1,Normal
2026-01-15 20:00:00,54.90743432003805,2.5112724629476517,Normal,1,Normal
2026-01-28 18:00:00,53.72511391289572,2.6195011633462744,Normal,1,Normal
2026-02-05 21:00:00,47.42127942501384,2.55871720479422,Normal,1,Normal
2026-01-15 04:00:00,50.88889802216784,2.655431441812386,Normal,1,Normal
2026-01-18 23:00:00,44.80383911119949,2.304835436741719,Normal,1,Normal
2026-01-23 23:00:00,54.2216138230396,2.2795257134685865,Normal,1,Normal
2026-02-04 17:00:00,51.16101217447936,2.8040223854758413,Normal,1,Normal
2026-01-09 11:00:00,60.26901026017451,1.9707640826370008,Normal,1,Normal
2026-01-27 06:00:00,46.5376768514259,2.5802276788923773,Normal,1,Normal
2026-01-04 21:00:00,53.36168926701116,2.484596612199717,Normal,1,Normal
2026-01-24 06:00:00,56.97226071189149,2.535362754516739,Normal,1,Normal
2026-01-03 20:00:00,56.808180125238174,2.371861076722272,Normal,1,Normal
2026-01-26 22:00:00,64.41012248237517,2.617423172866652,Normal,1,Normal
2026-01-12 20:00:00,65.66516687328134,2.178530172812108,Normal,1,Normal
2026-02-05 04:00:00,55.83226104106528,2.585278651295076,Normal,1,Normal
2026-01-19 02:00:00,62.51178526048014,2.796838148803723,Normal,1,Normal
2026-01-07 09:00:00,56.16126848580502,2.44416414873793,Normal,1,Normal
2026-01-04 03:00:00,59.10951252187612,2.674529467869613,Normal,1,Normal
2026-01-31 10:00:00,55.97922627548841,2.661492036134644,Normal,1,Normal
2026-01-19 14:00:00,56.83299123048424,1.9611494841881212,Normal,1,Normal
2026-01-08 20:00:00,50.76603140965798,2.7389600279399438,Normal,1,Normal
2026-01-12 07:00:00,47.8206892441028,2.623928284090811,Normal,1,Normal
2026-01-10 20:00:00,44.874287066711965,2.107005042584676,Normal,1,Normal
2026-01-21 07:00:00,49.59225998192802,3.142938230407997,Normal,1,Normal
2026-01-05 21:00:00,49.15660981190234,2.964330714951408,Normal,1,Normal
2026-02-09 07:00:00,54.50412068110309,2.456156078429668,Normal,1,Normal
2026-01-22 08:00:00,53.80525976566795,2.41639069708559,Normal,1,Normal
2026-02-04 09:00:00,62.2669223855885,1.9719909955117176,Normal,1,Normal
2026-01-25 15:00:00,52.61171276617441,3.208900638667897,Normal,1,Normal
2026-01-06 06:00:00,50.04731837434656,1.8773672405360995,Normal,1,Normal
2026-01-05 20:00:00,54.82644115147378,1.9821274097116377,Normal,1,Normal
2026-01-20 17:00:00,61.83437133722262,2.164316133064397,Normal,1,Normal
2026-01-29 21:00:00,58.07967803472132,2.6809487184998937,Normal,1,Normal
2026-01-03 09:00:00,53.45393812074393,2.754068720672788,Normal,1,Normal
2026-02-05 23:00:00,63.97938836547761,2.8587357263462128,Normal,1,Normal
2026-02-08 00:00:00,56.246918418553776,2.8173954882208854,Normal,1,Normal
2026-01-16 09:00:00,51.134951080722665,2.4252114788058217,Normal,1,Normal
2026-01-12 04:00:00,52.79977756651508,2.165861178696097,Normal,1,Normal
2026-01-02 22:00:00,52.696806145201066,3.219074610739809,Normal,1,Normal
2026-01-15 13:00:00,53.932764241440765,2.6286791224784056,Normal,1,Normal
2026-01-09 03:00:00,56.92658689864418,2.506231619032587,Normal,1,Normal
2026-02-11 15:00:00,84.58885021129211,5.755097355193551,Anomaly,-1,Anomaly
2026-02-04 18:00:00,54.82657556306609,2.5329759011738013,Normal,1,Normal
2026-01-31 16:00:00,56.28014867156938,2.3141530810806428,Normal,1,Normal
2026-01-11 23:00:00,49.87806179332855,2.8579697507777766,Normal,1,Normal
2026-01-19 11:00:00,54.55439980243606,2.554614132433095,Normal,1,Normal
2026-01-29 03:00:00,51.11091656204562,2.9320192262858598,Normal,1,Normal
2026-01-13 16:00:00,54.89549203017926,2.991067596989317,Normal,1,Normal
2026-01-15 05:00:00,56.21843605745956,3.497199806973116,Normal,1,Normal
2026-02-10 06:00:00,78.69772998473408,6.302661579692674,Anomaly,-1,Anomaly
2026-01-07 05:00:00,56.48492336616593,2.638595390359197,Normal,1,Normal
2026-01-06 04:00:00,57.93428546900135,2.898506727778856,Normal,1,Normal
2026-02-02 18:00:00,59.16961077274452,2.078527032341458,Normal,1,Normal
2026-01-03 02:00:00,56.62041984697397,3.059742174634401,Normal,1,Normal
2026-01-15 17:00:00,54.20030735018287,2.1977019362028622,Normal,1,Normal
2026-02-08 15:00:00,56.8860593753226,2.416311250502189,Normal,1,Normal
2026-01-06 22:00:00,46.96258382719386,2.791051817454792,Normal,1,Normal
2026-01-20 14:00:00,53.62474151424178,2.715318431619853,Normal,1,Normal
2026-01-17 15:00:00,61.18908155986731,2.4100938392429265,Normal,1,Normal
2026-01-27 01:00:00,52.44392161784408,2.4857434070810065,Normal,1,Normal
2026-01-14 08:00:00,55.48497982496359,2.9365240482377075,Normal,1,Normal
2026-01-01 19:00:00,47.93848149332354,1.9276899591527807,Normal,1,Normal
2026-02-03 17:00:00,50.52696348890248,3.025965781433619,Normal,1,Normal
2026-02-02 22:00:00,57.14809109566293,2.4582203125850115,Normal,1,Normal
2026-02-03 16:00:00,61.2787806278676,3.144911303195458,Normal,1,Normal
2026-01-17 23:00:00,54.288102574893536,2.6567216021610185,Normal,1,Normal
2026-01-23 09:00:00,53.07722227885088,1.7956764752076897,Normal,1,Normal
2026-01-26 20:00:00,51.04762772277344,2.817705871848731,Normal,1,Normal
2026-01-02 14:00:00,48.359069755507846,2.4116143304681343,Normal,1,Normal
2026-01-08 07:00:00,59.13591624518012,2.0414618427925246,Normal,1,Normal
2026-01-11 05:00:00,53.32749382079525,2.67618989518416,Normal,1,Normal
2026-02-04 12:00:00,52.89906591452071,2.328279110193096,Normal,1,Normal
2026-01-28 19:00:00,62.51996494291345,2.1992835799619264,Normal,1,Normal
2026-02-01 10:00:00,50.25300555584028,2.663927462771405,Normal,1,Normal
2026-02-05 18:00:00,52.23888477859514,1.8675237191871463,Normal,1,Normal
2026-01-07 10:00:00,56.46536236649341,2.9432731266950065,Normal,1,Normal
2026-01-12 23:00:00,57.94158603242288,2.2785647033168024,Normal,1,Normal
2026-01-26 02:00:00,59.3480296005283,2.148806965297376,Normal,1,Normal
2026-01-24 17:00:00,53.24243257979346,3.241637026533676,Normal,1,Normal
2026-01-31 23:00:00,55.130455251054165,1.961608127901301,Normal,1,Normal
2026-01-01 17:00:00,56.57123666297637,3.2203761731643263,Normal,1,Normal
2026-01-06 07:00:00,52.16851135198614,2.328753935613635,Normal,1,Normal
2026-01-14 10:00:00,50.90889658383264,2.063074894130968,Normal,1,Normal
2026-01-11 15:00:00,52.57882963566874,2.516236676481553,Normal,1,Normal
2026-01-28 09:00:00,54.87937456444998,3.149871383387824,Normal,1,Normal
2026-02-10 04:00:00,70.59153812677809,7.055604466003448,Anomaly,-1,Anomaly
2026-01-08 22:00:00,52.767425239664895,2.380974598656003,Normal,1,Normal
2026-01-05 19:00:00,56.50773671166806,2.0521320421495424,Normal,1,Normal
2026-01-26 16:00:00,55.546973973024464,2.5267962868899487,Normal,1,Normal
2026-01-26 06:00:00,51.13105400448214,2.8654338504933,Normal,1,Normal
2026-01-08 12:00:00,58.12833673882504,2.628542886180109,Normal,1,Normal
2026-01-13 13:00:00,52.19909479901515,2.83341158464357,Normal,1,Normal
2026-02-01 15:00:00,58.50154939704496,2.110188278131744,Normal,1,Normal
2026-01-30 16:00:00,52.27540456595525,1.651258040396562,Normal,1,Normal
2026-01-31 03:00:00,58.71632047011357,2.131035926200599,Normal,1,Normal
2026-01-29 13:00:00,58.56499215086194,2.3385406147032013,Normal,1,Normal
2026-02-10 19:00:00,100.66677963376476,6.907052287124535,Anomaly,-1,Anomaly
2026-01-22 13:00:00,50.11222377600724,2.6578686119291923,Normal,1,Normal
2026-02-11 00:00:00,106.15474677613628,7.453125045376087,Anomaly,-1,Anomaly
2026-01-02 21:00:00,51.40077895802646,2.387559882845618,Normal,1,Normal
2026-02-07 21:00:00,65.8162736165273,2.604128735508488,Normal,1,Normal
2026-01-07 13:00:00,57.36916460455894,2.078633774730537,Normal,1,Normal
2026-02-05 11:00:00,52.22261440419873,2.475735674474152,Normal,1,Normal
2026-01-08 03:00:00,50.92094857517281,2.974812122224152,Normal,1,Normal
2026-01-01 16:00:00,49.93584439832788,2.229443079176292,Normal,1,Normal
2026-01-22 07:00:00,54.74880945275432,2.010280705484253,Normal,1,Normal
2026-01-03 00:00:00,56.71809144784231,2.2715284040868813,Normal,1,Normal
2026-02-10 11:00:00,90.98328204894028,3.55961136533572,Anomaly,-1,Anomaly
2026-02-09 04:00:00,48.59847800664553,2.71851369920148,Normal,1,Normal
2026-01-22 11:00:00,58.77695612912878,2.735431361768244,Normal,1,Normal
2026-02-09 16:00:00,94.38499710069313,5.594267699137381,Anomaly,-1,Anomaly
2026-01-21 00:00:00,54.36041204259617,2.62296267912364,Normal,1,Normal
2026-01-12 19:00:00,48.81092250586576,3.531883735061728,Normal,1,Normal
2026-01-30 22:00:00,53.18193893893072,2.836248010601821,Normal,1,Normal
2026-02-06 13:00:00,56.11893975819449,3.064372951898508,Normal,1,Normal
2026-01-10 09:00:00,60.44475298483683,2.3877299692532903,Normal,1,Normal
2026-01-02 02:00:00,49.24503211288849,2.319077472300369,Normal,1,Normal
2026-02-09 18:00:00,84.14158284796616,5.904338705956508,Anomaly,-1,Anomaly
2026-01-19 05:00:00,48.099492708925546,3.124604478690741,Normal,1,Normal
2026-02-09 15:00:00,82.32944408195192,7.761921500713992,Anomaly,-1,Anomaly
2026-01-16 04:00:00,58.45071995855556,2.504141047937352,Normal,1,Normal
2026-01-10 13:00:00,58.39798874467338,2.058564273113692,Normal,1,Normal
2026-01-02 13:00:00,45.201649380601125,2.8509449162302687,Normal,1,Normal
2026-02-10 05:00:00,80.65860960212783,6.589580681255248,Anomaly,-1,Anomaly
2026-01-16 14:00:00,65.76591228755778,2.525789765924048,Normal,1,Normal
2026-01-20 13:00:00,52.1209087967766,2.7031343025158496,Normal,1,Normal
2026-02-10 07:00:00,80.03321921399107,6.348726716346488,Anomaly,-1,Anomaly
2026-02-05 10:00:00,51.88429736787618,3.260476274301203,Normal,1,Normal
2026-01-30 08:00:00,47.21685413238048,2.6353935373846764,Normal,1,Normal
2026-02-05 01:00:00,58.37409746083302,2.5460104316589667,Normal,1,Normal
2026-01-09 02:00:00,55.86590462925591,2.4307712702864523,Normal,1,Normal
2026-02-05 14:00:00,62.10252123994928,1.778744129497622,Normal,1,Normal
2026-02-06 00:00:00,51.93605654757807,2.392587740837667,Normal,1,Normal
2026-01-21 23:00:00,57.81484618345286,3.540673245672158,Normal,1,Normal
2026-02-10 09:00:00,81.22327537842298,7.633770096867065,Anomaly,-1,Anomaly
2026-02-04 14:00:00,48.27774744482861,1.9374730145312664,Normal,1,Normal
2026-01-25 03:00:00,60.71877021603464,2.052153026684396,Normal,1,Normal
2026-02-10 08:00:00,83.65484945132168,6.305091719647319,Anomaly,-1,Anomaly
2026-01-07 18:00:00,60.79297789503702,2.848027092275501,Normal,1,Normal
2026-02-07 20:00:00,58.22742090570538,2.615477451711943,Normal,1,Normal
2026-01-07 08:00:00,51.59987639210755,3.335349881912291,Normal,1,Normal
2026-02-03 09:00:00,52.41977635891313,2.771150127812363,Normal,1,Normal
2026-02-11 09:00:00,82.25446179602072,7.208303847201064,Anomaly,-1,Anomaly
2026-02-01 11:00:00,68.16191032418695,2.403496938152583,Normal,1,Normal
2026-01-05 15:00:00,54.86743062275392,1.3605829517479695,Normal,1,Normal
2026-01-10 10:00:00,55.32140009547732,1.8228172743218456,Normal,1,Normal
2026-01-29 16:00:00,58.554799841017456,3.325009967697258,Normal,1,Normal
2026-01-05 07:00:00,50.9886136538919,2.6042695063295627,Normal,1,Normal
2026-01-18 13:00:00,63.77670421221602,3.1846833920569373,Normal,1,Normal
2026-01-18 11:00:00,55.33759240705054,2.14607891438924,Normal,1,Normal
2026-02-01 06:00:00,50.38383376944548,2.640252039709424,Normal,1,Normal
2026-01-25 10:00:00,52.70319550229878,2.7054400426278864,Normal,1,Normal
2026-02-02 12:00:00,55.88850500466627,2.410613607051259,Normal,1,Normal
2026-01-29 00:00:00,53.28656202959826,2.867691573830081,Normal,1,Normal
2026-01-05 23:00:00,58.75966516343387,2.638601552692286,Normal,1,Normal
2026-01-03 05:00:00,58.058381444204336,2.2412252889177706,Normal,1,Normal
2026-01-07 07:00:00,56.73224104748488,1.3414978487225242,Normal,1,Normal
2026-01-17 19:00:00,55.23490296882371,2.803662064121059,Normal,1,Normal
2026-02-09 09:00:00,49.64957616836924,2.351995588047149,Normal,1,Normal
2026-01-09 15:00:00,57.56892975456105,3.4009743221377238,Normal,1,Normal
2026-01-28 10:00:00,55.99042380383928,2.629231709246412,Normal,1,Normal
2026-02-05 03:00:00,56.912048730920255,2.7685360305801865,Normal,1,Normal
2026-02-01 18:00:00,67.80042269134397,1.6309321815943854,Normal,1,Normal
2026-01-01 08:00:00,52.65262807032524,2.7279069120928816,Normal,1,Normal
2026-02-03 15:00:00,52.60625689168261,2.8811498188811755,Normal,1,Normal
2026-01-02 12:00:00,56.04431797502378,3.10135932070686,Normal,1,Normal
2026-01-19 20:00:00,50.071369768322285,2.9742816618651986,Normal,1,Normal
2026-01-28 03:00:00,60.63282514773879,3.049950567659274,Normal,1,Normal
2026-01-11 13:00:00,60.16232630275574,2.717319211614555,Normal,1,Normal
2026-01-13 15:00:00,58.05185132716733,2.6496226279390287,Normal,1,Normal
2026-02-01 02:00:00,55.93383382238539,2.09986747015777,Normal,1,Normal
2026-01-24 19:00:00,63.382186561376415,2.7328390813874464,Normal,1,Normal
2026-01-26 23:00:00,61.72710023077489,1.957367278150638,Normal,1,Normal
2026-01-31 12:00:00,57.04126377857236,2.1385192557079487,Normal,1,Normal
2026-02-07 03:00:00,57.53637015553649,1.7472603818009445,Normal,1,Normal
2026-01-11 22:00:00,38.79366329965464,2.212637093772321,Normal,1,Normal
2026-01-26 10:00:00,58.27182828177029,2.4914530822606253,Normal,1,Normal
2026-01-13 09:00:00,56.53649760438304,2.192010707576544,Normal,1,Normal
2026-01-18 06:00:00,56.66157005989796,2.9786286006657967,Normal,1,Normal
2026-01-07 06:00:00,56.252464251729386,2.899204043943861,Normal,1,Normal
2026-02-02 20:00:00,54.649171442706766,2.8801230367894304,Normal,1,Normal
2026-01-27 16:00:00,53.32107650354936,2.0711443952057573,Normal,1,Normal
2026-02-07 01:00:00,60.54351790291454,2.416753257090984,Normal,1,Normal
2026-01-23 22:00:00,55.4329489373645,2.8113444304666557,Normal,1,Normal
2026-02-06 22:00:00,57.91964092662982,2.042509517071735,Normal,1,Normal
2026-01-21 08:00:00,63.43570817536282,2.6963899806553004,Normal,1,Normal
2026-01-07 03:00:00,48.39771693457862,1.700719726187157,Normal,1,Normal
2026-01-07 02:00:00,48.81524644560959,2.5314540761264364,Normal,1,Normal
2026-01-31 00:00:00,56.5390088444603,2.4044271603321223,Normal,1,Normal
2026-02-08 19:00:00,64.40578534720295,3.1462331294192927,Normal,1,Normal
2026-01-31 19:00:00,60.07185032509065,2.396438010518369,Normal,1,Normal
2026-01-28 11:00:00,54.27819794038029,2.399058599149485,Normal,1,Normal
2026-01-15 12:00:00,51.40777889373782,2.606956925628761,Normal,1,Normal
2026-01-20 07:00:00,56.06989955367111,3.366000937960433,Normal,1,Normal
2026-01-14 13:00:00,48.92905693606134,2.5566867654559617,Normal,1,Normal
2026-01-08 18:00:00,57.366188122867726,2.9757881955698564,Normal,1,Normal
2026-01-06 03:00:00,47.9907446860386,1.986803110324572,Normal,1,Normal
2026-02-05 13:00:00,60.94508265553776,1.8945142429548687,Normal,1,Normal
2026-01-26 08:00:00,46.10639875547861,3.0970754275838086,Normal,1,Normal
2026-01-06 23:00:00,55.92316929266152,2.52077835432292,Normal,1,Normal
2026-02-09 22:00:00,75.44859994880755,7.556056809066051,Anomaly,-1,Anomaly
2026-01-09 05:00:00,55.76862552972764,1.923979646962282,Normal,1,Normal
2026-01-26 09:00:00,62.48022155744592,2.3915505595829725,Normal,1,Normal
2026-01-12 15:00:00,53.0734320156912,3.3842092006365405,Normal,1,Normal
2026-01-13 05:00:00,59.24801048510513,2.094097307722853,Normal,1,Normal
2026-01-17 16:00:00,47.02786170602816,2.031954789576256,Normal,1,Normal
2026-01-06 02:00:00,62.013971554680495,2.5307287564241023,Normal,1,Normal
2026-01-08 15:00:00,57.41236207621593,2.681413720605592,Normal,1,Normal
2026-01-09 10:00:00,60.41525621587638,2.244415300924199,Normal,1,Normal
2026-01-19 06:00:00,46.48308780322422,2.5128016596263065,Normal,1,Normal
2026-01-11 06:00:00,52.625273444195216,2.492144880429328,Normal,1,Normal
2026-01-18 07:00:00,51.25756731721723,2.436588170789212,Normal,1,Normal
2026-02-08 20:00:00,47.75993049791878,2.006260451248031,Normal,1,Normal
2026-02-01 21:00:00,51.48411787437056,2.463786687078336,Normal,1,Normal
2026-02-07 18:00:00,48.200719295100406,3.056986120025732,Normal,1,Normal
2026-02-04 19:00:00,56.1710736626826,1.916979400214028,Normal,1,Normal
2026-02-06 23:00:00,53.203539546064704,2.543423882310609,Normal,1,Normal
2026-01-06 09:00:00,52.482621729419,2.840088696845397,Normal,1,Normal
2026-01-27 13:00:00,55.36658983594202,2.353188864366671,Normal,1,Normal
2026-01-17 18:00:00,55.026218498590914,2.716585091281915,Normal,1,Normal
2026-02-02 16:00:00,57.7989522396552,2.81997676077682,Normal,1,Normal
2026-02-02 02:00:00,58.538759677277376,2.705242319270433,Normal,1,Normal
2026-01-31 15:00:00,57.362987412065216,2.9750717553846258,Normal,1,Normal
2026-02-08 01:00:00,62.887266398817374,1.8005872107047276,Normal,1,Normal
2026-01-10 03:00:00,55.40937069693161,2.8413662235121238,Normal,1,Normal
2026-01-27 17:00:00,63.34510762644696,1.331459806602157,Normal,1,Normal
2026-02-08 03:00:00,56.3951076288517,1.83500320478573,Normal,1,Normal
2026-02-01 08:00:00,50.12063373511334,2.753888587424708,Normal,1,Normal
2026-02-03 14:00:00,56.110668858168566,2.445020594148924,Normal,1,Normal
2026-02-08 07:00:00,55.970449964491536,2.335674284818166,Normal,1,Normal
2026-01-27 00:00:00,62.96593313319698,2.6865719929734104,Normal,1,Normal
2026-02-06 10:00:00,54.83436513563102,2.5674618687866912,Normal,1,Normal
2026-02-01 16:00:00,52.12181086881113,2.942832267714789,Normal,1,Normal
2026-01-17 02:00:00,56.7087798788858,2.254638934583624,Normal,1,Normal
2026-02-10 12:00:00,76.41805579408155,7.155900776529761,Anomaly,-1,Anomaly
2026-01-22 05:00:00,50.845249417944814,2.769272540507983,Normal,1,Normal
2026-01-12 03:00:00,47.84929311019684,2.611597664889521,Normal,1,Normal
2026-02-04 03:00:00,60.32740187532676,2.7205941504161872,Normal,1,Normal
2026-01-19 09:00:00,54.836526259529535,2.2289138520991574,Normal,1,Normal
2026-01-21 16:00:00,49.81376922836772,2.288553327300097,Normal,1,Normal
2026-01-05 16:00:00,55.30115104970513,2.959506280148841,Normal,1,Normal
2026-01-29 19:00:00,60.79664901682124,3.0648882221661715,Normal,1,Normal
2026-01-10 16:00:00,55.22785919951907,2.867326642400925,Normal,1,Normal
2026-02-06 05:00:00,65.05102269383175,2.1051281891395264,Normal,1,Normal
2026-01-26 07:00:00,48.776726483442914,2.178728419727862,Normal,1,Normal
2026-01-28 23:00:00,44.63304883795925,1.9246888086730527,Normal,1,Normal
2026-01-16 13:00:00,59.79635413042603,2.6946006575304806,Normal,1,Normal
2026-02-10 21:00:00,88.97359378589218,5.120381835211069,Anomaly,-1,Anomaly
2026-02-05 02:00:00,49.3863898921885,2.435946881773344,Normal,1,Normal
2026-01-10 17:00:00,51.74199826197091,1.871799758550729,Normal,1,Normal
2026-02-02 17:00:00,60.40390362777311,1.8534757566253648,Normal,1,Normal
2026-01-29 04:00:00,49.44712077267086,2.3210712417365,Normal,1,Normal
2026-01-14 05:00:00,53.44866621703272,2.138436943414084,Normal,1,Normal
2026-01-28 00:00:00,53.84532734895661,2.508317483070164,Normal,1,Normal
2026-01-18 02:00:00,58.558074390444446,2.493876060330802,Normal,1,Normal
2026-02-07 10:00:00,61.03254483254179,2.887782880210694,Normal,1,Normal
2026-01-30 13:00:00,63.48228184145019,2.955951424451618,Normal,1,Normal
2026-01-15 22:00:00,56.61359280169045,2.9343582263326318,Normal,1,Normal
2026-01-11 18:00:00,57.21909714073114,1.9389578912801224,Normal,1,Normal
2026-02-01 00:00:00,57.58829510234561,2.5505518318185647,Normal,1,Normal
2026-01-27 03:00:00,54.37106539950176,2.9658957417828686,Normal,1,Normal
2026-01-27 08:00:00,54.20996050710505,2.093671272408641,Normal,1,Normal
2026-01-12 18:00:00,62.93008408072676,2.464687180659498,Normal,1,Normal
2026-01-16 16:00:00,59.36160318360339,2.1242658424724983,Normal,1,Normal
2026-01-17 00:00:00,51.20433669223151,2.5594669828808447,Normal,1,Normal
2026-01-10 08:00:00,52.64034067105283,2.1984141644533297,Normal,1,Normal
2026-02-09 17:00:00,87.95713753758476,5.84623366135118,Anomaly,-1,Anomaly
2026-02-03 22:00:00,60.159222697343175,2.4015750047480204,Normal,1,Normal
2026-01-20 16:00:00,47.42404468900724,2.3540189081828458,Normal,1,Normal
2026-01-15 11:00:00,47.962681128117225,2.3838901823245395,Normal,1,Normal
2026-01-22 01:00:00,52.56437308117652,1.7956948963376729,Normal,1,Normal
2026-01-27 15:00:00,48.52460613968192,2.53445755321855,Normal,1,Normal
2026-02-11 03:00:00,88.74154537412346,7.016178287114959,Anomaly,-1,Anomaly
2026-02-08 16:00:00,62.8276201461717,1.82662472311162,Normal,1,Normal
2026-02-07 17:00:00,55.23218274078074,2.2317519163693422,Normal,1,Normal
2026-01-26 19:00:00,56.119420121395656,2.288378929061482,Normal,1,Normal
2026-02-05 15:00:00,52.146268531252616,1.866345622797804,Normal,1,Normal
2026-02-03 11:00:00,52.68862355647479,1.767746841257417,Normal,1,Normal
2026-01-27 21:00:00,53.63638215126165,2.096107718116025,Normal,1,Normal
2026-02-05 06:00:00,56.44584321953909,2.372378425733353,Normal,1,Normal
2026-01-24 04:00:00,52.56196887963753,2.778554978982686,Normal,1,Normal
2026-02-09 21:00:00,75.98586024872156,9.637748533659996,Anomaly,-1,Anomaly
2026-01-25 01:00:00,58.85432596943483,3.117297411308876,Normal,1,Normal
2026-02-03 03:00:00,60.26576426666452,2.595347593093914,Normal,1,Normal
2026-01-04 13:00:00,52.491214782077314,3.129594705316013,Normal,1,Normal
2026-01-11 02:00:00,57.52493639490229,2.2594529424195144,Normal,1,Normal
2026-01-30 02:00:00,59.6201350960345,2.9749544206259007,Normal,1,Normal
2026-01-07 15:00:00,58.28276804316915,3.2656125415467145,Normal,1,Normal
2026-01-22 20:00:00,51.18370421728741,2.186040674767104,Normal,1,Normal
2026-01-02 11:00:00,48.89578175014489,2.036654124322983,Normal,1,Normal
2026-01-23 12:00:00,59.17846056032571,2.2792567416430214,Normal,1,Normal
2026-01-08 02:00:00,50.55242785187238,2.942210373183193,Normal,1,Normal
2026-01-28 06:00:00,67.8667990162493,2.306902591127187,Normal,1,Normal
2026-02-07 02:00:00,59.10241090598682,2.448584995424428,Normal,1,Normal
2026-02-05 17:00:00,57.35707778193202,2.7034900092919734,Normal,1,Normal
2026-02-05 07:00:00,67.27650069955448,2.181589657278604,Normal,1,Normal
2026-02-09 08:00:00,64.23318498023833,2.464654816317866,Normal,1,Normal
2026-01-31 13:00:00,46.4870819788108,2.6297437126886414,Normal,1,Normal
2026-01-04 23:00:00,47.68242525933941,2.853463974994669,Normal,1,Normal
2026-01-24 11:00:00,53.3698823391608,1.753385353170776,Normal,1,Normal
2026-01-11 00:00:00,51.037396307836495,2.542150202458384,Normal,1,Normal
2026-01-31 22:00:00,51.875907111521606,2.8485189189828977,Normal,1,Normal
2026-01-24 22:00:00,59.14702790591745,2.3511172895715786,Normal,1,Normal
2026-01-29 18:00:00,53.1951691709046,2.5096877826691038,Normal,1,Normal
2026-01-20 04:00:00,64.82362566458195,3.031277656739624,Normal,1,Normal
2026-01-24 01:00:00,56.27210421650607,2.4986502170356197,Normal,1,Normal
2026-02-07 00:00:00,57.95327415346155,2.486708003742216,Normal,1,Normal
2026-01-09 14:00:00,57.5751763360433,2.2247398619289105,Normal,1,Normal
2026-01-17 08:00:00,48.39883396489679,2.67477526789854,Normal,1,Normal
2026-02-03 02:00:00,49.59471729795869,2.1290587463237705,Normal,1,Normal
2026-01-17 13:00:00,61.76936187082706,2.8737279644957097,Normal,1,Normal
2026-02-01 22:00:00,54.82505754751519,2.632792132227606,Normal,1,Normal
2026-02-05 08:00:00,51.81130007874342,2.9304028554394392,Normal,1,Normal
2026-01-10 01:00:00,53.81590696629996,2.725563648020944,Normal,1,Normal
2026-01-01 04:00:00,53.82923312638332,2.4671395286429725,Normal,1,Normal
2026-02-02 00:00:00,51.86516471106116,2.783780726855616,Normal,1,Normal
2026-01-27 18:00:00,53.702043243181976,2.674623921663067,Normal,1,Normal
2026-02-08 17:00:00,54.67124869463506,2.1776519734015247,Normal,1,Normal
2026-01-26 12:00:00,56.3998431315991,1.5303038958908233,Normal,1,Normal
2026-01-31 18:00:00,63.32737222231288,2.6133151486184567,Normal,1,Normal
2026-01-23 18:00:00,57.8853606359027,3.324601430654559,Normal,1,Normal
2026-01-31 05:00:00,54.0800833182366,2.371071812315464,Normal,1,Normal
2026-01-29 11:00:00,57.44687280613959,2.911984327032465,Normal,1,Normal
2026-01-05 02:00:00,55.025567283212304,3.090616139890358,Normal,1,Normal
2026-02-03 12:00:00,52.82751886283842,2.704481039809992,Normal,1,Normal
2026-01-31 07:00:00,56.737908526808354,3.1085264207689804,Normal,1,Normal
2026-01-24 21:00:00,53.90449735595568,2.116224305310608,Normal,1,Normal
2026-01-17 22:00:00,49.66189785308703,2.2815022206990068,Normal,1,Normal
2026-01-21 22:00:00,48.00716213090429,2.5963012717954275,Normal,1,Normal
2026-01-02 23:00:00,60.285611131094576,2.756337144506804,Normal,1,Normal
2026-01-02 08:00:00,54.93251387631033,2.113209542748314,Normal,1,Normal
2026-02-02 11:00:00,58.10336048775339,3.235273470718049,Normal,1,Normal
2026-02-04 23:00:00,53.93005577887246,3.036180178409258,Normal,1,Normal
2026-01-09 08:00:00,56.78893680174141,2.103443060217477,Normal,1,Normal
2026-01-06 14:00:00,50.402878828830985,2.6527741808926213,Normal,1,Normal
2026-01-02 03:00:00,56.87849009172836,1.5304482693484172,Normal,1,Normal
2026-02-06 16:00:00,67.63466212936811,2.7832857693026227,Normal,1,Normal
2026-01-10 14:00:00,51.34816684141432,2.571957660461391,Normal,1,Normal
2026-01-21 09:00:00,59.408198784747256,2.793951114419927,Normal,1,Normal
2026-02-02 04:00:00,58.1620386952776,2.795524192355001,Normal,1,Normal
2026-01-16 18:00:00,65.94901466608836,2.016122102863557,Normal,1,Normal
2026-01-13 00:00:00,56.40495933867516,2.7275932316741103,Normal,1,Normal
2026-01-18 10:00:00,60.89648592031913,2.322687099523396,Normal,1,Normal
2026-01-29 02:00:00,47.96244152641089,3.2493191104870185,Normal,1,Normal
2026-01-17 07:00:00,57.45959585753253,2.5012184080613657,Normal,1,Normal
2026-01-25 16:00:00,57.39489912873196,3.164503685819148,Normal,1,Normal
2026-01-21 18:00:00,50.62190873307621,2.9953132285734543,Normal,1,Normal
2026-01-06 18:00:00,59.06758608684835,2.396383141671719,Normal,1,Normal
2026-01-03 14:00:00,49.468325129969855,3.330104349050106,Normal,1,Normal
2026-01-20 15:00:00,43.49039417632208,2.929002934923921,Normal,1,Normal
2026-01-27 23:00:00,54.72852566741094,3.3229981878846795,Normal,1,Normal
2026-01-06 08:00:00,55.498256825438204,3.1003039162537243,Normal,1,Normal
2026-02-10 16:00:00,64.75769981802937,7.624112719986013,Anomaly,-1,Anomaly
2026-01-22 16:00:00,46.652973594393146,2.9786525946582607,Normal,1,Normal
2026-02-04 22:00:00,59.92161199238292,2.627669804167672,Normal,1,Normal
2026-02-10 02:00:00,90.10440881152606,7.021122428379338,Anomaly,-1,Anomaly
2026-01-03 16:00:00,59.06262911197099,3.1943855212661,Normal,1,Normal
2026-02-03 20:00:00,62.23488942176866,2.530173455560637,Normal,1,Normal
2026-01-01 14:00:00,46.37541083743484,2.464105722285109,Normal,1,Normal
2026-01-07 12:00:00,64.32887255572378,2.745109562025028,Normal,1,Normal
2026-01-02 16:00:00,58.69233289997705,2.583353123179021,Normal,1,Normal
2026-01-21 12:00:00,55.386841538238095,2.5724086234814827,Normal,1,Normal
2026-01-16 19:00:00,50.95850857322424,2.7399714919984817,Normal,1,Normal
2026-01-08 19:00:00,54.63585543671564,2.008956873945203,Normal,1,Normal
2026-02-01 19:00:00,54.519700501376754,2.8389686708601687,Normal,1,Normal
2026-01-10 00:00:00,51.13587392731214,3.053709127404207,Normal,1,Normal
2026-02-02 23:00:00,56.03843843581556,2.432471310723996,Normal,1,Normal
2026-01-03 04:00:00,51.61538999847021,2.5238521479680696,Normal,1,Normal
2026-02-06 14:00:00,54.91788551963624,2.4605647470862952,Normal,1,Normal
2026-01-15 01:00:00,53.39307079173504,2.703196530765017,Normal,1,Normal
2026-02-01 04:00:00,51.94241098504026,2.705563139863566,Normal,1,Normal
2026-01-30 23:00:00,54.71527188139466,2.718693427280552,Normal,1,Normal
2026-01-31 04:00:00,55.85432719063971,3.1461502757877766,Normal,1,Normal
2026-01-13 07:00:00,51.53545202369673,2.0104238932950973,Normal,1,Normal
2026-01-30 05:00:00,60.245046129184445,2.6303185266328666,Normal,1,Normal
2026-01-11 11:00:00,59.58930973527388,2.328237783549899,Normal,1,Normal
2026-01-31 06:00:00,55.09216966532696,2.9868634083301986,Normal,1,Normal
2026-01-20 05:00:00,55.17631775985864,2.722492003760264,Normal,1,Normal
2026-01-19 23:00:00,51.03563583868828,2.197281964572216,Normal,1,Normal
2026-02-11 12:00:00,88.01680315121749,6.47347874075094,Anomaly,-1,Anomaly
2026-02-03 23:00:00,47.57219813481514,2.162701361873524,Normal,1,Normal
2026-02-05 22:00:00,62.73752600665031,3.1448882513021696,Normal,1,Normal
2026-01-12 05:00:00,55.65370288643046,3.3580596511093552,Normal,1,Normal
2026-01-09 09:00:00,57.803922631841175,1.638643954558514,Normal,1,Normal
2026-01-07 17:00:00,58.93542301871226,2.586973149271889,Normal,1,Normal
2026-01-24 03:00:00,52.94061516938766,2.3187087802690898,Normal,1,Normal
2026-01-31 09:00:00,51.108476372988434,2.3273518749127806,Normal,1,Normal
2026-01-17 17:00:00,52.00312488523114,1.779207824967992,Normal,1,Normal
2026-01-30 06:00:00,51.4782815472862,2.5777537206309344,Normal,1,Normal
2026-01-20 20:00:00,57.88278481527883,3.3224828519761287,Normal,1,Normal
2026-02-04 05:00:00,62.0467372009279,3.178020416172301,Normal,1,Normal
2026-02-02 03:00:00,52.18766612052866,2.396181328966433,Normal,1,Normal
2026-01-05 09:00:00,57.02025428407269,2.2313506528247795,Normal,1,Normal
2026-01-24 13:00:00,52.95962313489224,2.4513009966466868,Normal,1,Normal
2026-01-17 05:00:00,52.11548172168799,2.568166488950195,Normal,1,Normal
2026-01-01 01:00:00,54.30867849414408,2.640822158605719,Normal,1,Normal
2026-02-09 01:00:00,58.541782236496765,2.669624417785636,Normal,1,Normal
2026-02-10 22:00:00,81.27751634575958,5.8732827754100345,Anomaly,-1,Anomaly
2026-01-24 09:00:00,65.37700399322719,2.4225362162881128,Normal,1,Normal
2026-01-04 08:00:00,53.90164056081244,2.397049385030662,Normal,1,Normal
2026-01-09 13:00:00,50.31087480042439,2.9039268357370536,Normal,1,Normal
2026-01-02 10:00:00,59.11272456051594,2.4985589843637728,Normal,1,Normal
2026-02-02 07:00:00,47.14887640054772,2.934392846470013,Normal,1,Normal
2026-01-22 04:00:00,55.24260813972413,3.0159011016330983,Normal,1,Normal
2026-01-18 19:00:00,58.4302572999922,2.9159618749584304,Normal,1,Normal
2026-01-19 22:00:00,52.348711908137794,2.8984190743223266,Normal,1,Normal
2026-01-16 06:00:00,56.12046240905208,2.073954534769851,Normal,1,Normal
2026-01-04 19:00:00,59.84322495266444,2.316446294852424,Normal,1,Normal
2026-01-15 03:00:00,52.18137723598013,1.638843762819007,Normal,1,Normal
2026-02-07 09:00:00,55.73356843216661,2.1535300607142,Normal,1,Normal
2026-01-24 12:00:00,61.00606961081972,2.4669277256629205,Normal,1,Normal
2026-01-15 09:00:00,56.16024968678818,2.4604441387235427,Normal,1,Normal
2026-02-02 08:00:00,51.364314120875655,2.2856146219543807,Normal,1,Normal
2026-01-11 01:00:00,54.42631779266551,1.9663898020327184,Normal,1,Normal
2026-01-01 13:00:00,45.43359877671101,2.783601503035405,Normal,1,Normal
2026-01-14 03:00:00,55.1050192081638,1.934514201238008,Normal,1,Normal
2026-01-26 00:00:00,58.78494308322676,2.459938369408019,Normal,1,Normal
2026-01-17 03:00:00,64.38085419607943,2.3790121254047487,Normal,1,Normal
2026-01-12 09:00:00,55.05116530509793,2.6655196389805997,Normal,1,Normal
2026-01-07 22:00:00,59.11030079997245,3.46136623409531,Normal,1,Normal
2026-02-05 00:00:00,54.75268145173784,1.749931012141702,Normal,1,Normal
2026-02-11 08:00:00,87.15301552996085,7.688913371474642,Anomaly,-1,Anomaly
2026-01-27 22:00:00,41.515566785292144,2.7476617044020792,Normal,1,Normal
2026-02-04 02:00:00,55.41141994637712,2.5492819227137944,Normal,1,Normal
2026-01-21 04:00:00,51.21824627357849,2.4331513144854355,Normal,1,Normal
2026-02-10 20:00:00,75.16360324438067,5.528343265458714,Anomaly,-1,Anomaly
2026-01-22 00:00:00,51.74678715439087,2.726203858252618,Normal,1,Normal
2026-02-04 15:00:00,50.40674026757901,2.466757770948522,Normal,1,Normal
2026-01-11 03:00:00,59.32877597085061,2.6279127736570147,Normal,1,Normal
2026-01-24 14:00:00,44.80937732411073,3.1053798972968525,Normal,1,Normal
2026-02-06 11:00:00,63.97278931758894,2.676776259827764,Normal,1,Normal
2026-01-24 10:00:00,59.35562351715846,2.213271071758878,Normal,1,Normal
2026-01-29 14:00:00,53.79837300920933,2.117950968260258,Normal,1,Normal
2026-01-08 21:00:00,47.42576387657068,2.7804690969243597,Normal,1,Normal
2026-02-02 14:00:00,56.90098925502981,2.492232157644907,Normal,1,Normal
2026-01-30 03:00:00,54.075489317785056,3.5358254568074456,Normal,1,Normal
2026-01-20 19:00:00,53.75481980221811,1.7134573642495994,Normal,1,Normal
2026-01-29 09:00:00,49.354741143913856,2.1614573380036504,Normal,1,Normal
2026-01-22 06:00:00,56.35228412889919,2.4446176064064904,Normal,1,Normal
2026-01-03 10:00:00,56.65631715701782,2.919821086127734,Normal,1,Normal
2026-01-20 18:00:00,63.22483856750642,2.0820763223915866,Normal,1,Normal
2026-01-24 08:00:00,56.44887428448207,2.043324354346598,Normal,1,Normal
2026-02-05 16:00:00,50.838222134478855,2.6068506604045933,Normal,1,Normal
2026-02-01 03:00:00,51.22308533823339,2.2289020117900598,Normal,1,Normal
2026-01-11 12:00:00,65.61078098506317,2.548919001212913,Normal,1,Normal
2026-01-01 21:00:00,53.87111849756732,2.227579337010048,Normal,1,Normal
2026-01-14 01:00:00,59.06754818000319,2.131730562768253,Normal,1,Normal
2026-01-20 03:00:00,49.01061053705576,2.399666793417981,Normal,1,Normal
2026-01-07 16:00:00,50.1265916488634,2.4237270396946613,Normal,1,Normal
2026-01-12 12:00:00,55.99529847786735,2.517524588791644,Normal,1,Normal
2026-02-09 19:00:00,88.58173540648222,7.874438093170817,Anomaly,-1,Anomaly
2026-01-08 23:00:00,59.28199397161736,3.050282725324648,Normal,1,Normal
2026-01-17 01:00:00,55.75196893238104,2.365165611552784,Normal,1,Normal
2026-02-03 13:00:00,53.454139382656805,3.049463418065183,Normal,1,Normal
2026-01-18 05:00:00,61.38838410949255,2.110772423647378,Normal,1,Normal
2026-01-21 11:00:00,62.39972069445013,2.96938954299413,Normal,1,Normal
2026-01-15 07:00:00,52.46528412314435,2.835396309780657,Normal,1,Normal
2026-02-02 01:00:00,64.06224278998465,2.3258054517720628,Normal,1,Normal
2026-01-13 20:00:00,57.73548690585019,2.2179952576966366,Normal,1,Normal
2026-01-28 13:00:00,52.26570529379804,1.874723676521337,Normal,1,Normal
2026-01-06 10:00:00,47.24668284466934,2.360539146236856,Normal,1,Normal
2026-01-28 15:00:00,52.282876144331176,2.468865121194879,Normal,1,Normal
2026-02-06 07:00:00,51.00851377730773,2.5307407531835078,Normal,1,Normal
2026-01-05 03:00:00,53.82706433312426,3.0520365416589805,Normal,1,Normal
2026-01-16 12:00:00,62.25571803897521,2.4718004887763634,Normal,1,Normal
2026-01-04 15:00:00,56.64375554829842,1.914250047916072,Normal,1,Normal
2026-01-20 02:00:00,52.23175347326409,2.3709280644631456,Normal,1,Normal
2026-01-14 18:00:00,54.93876613576543,2.553416361912913,Normal,1,Normal
2026-01-09 22:00:00,53.42365377679828,2.9090281728038563,Normal,1,Normal
2026-01-20 10:00:00,58.07083350021713,2.5228052499588336,Normal,1,Normal
2026-01-06 01:00:00,50.4530627260263,2.6908163308892488,Normal,1,Normal
2026-01-26 14:00:00,67.22875989808414,2.794737558836973,Normal,1,Normal
2026-01-01 20:00:00,62.32824384460777,2.551241765964316,Normal,1,Normal
2026-01-30 04:00:00,52.3863848974048,2.7318532692854305,Normal,1,Normal
2026-01-03 23:00:00,62.690182832329846,2.2705199984245685,Normal,1,Normal
2026-01-05 10:00:00,64.43092950605265,2.489778371603422,Normal,1,Normal
2026-01-12 06:00:00,62.20636644533058,2.024960632388195,Normal,1,Normal
2026-02-05 20:00:00,56.0146151042565,2.306775579326624,Normal,1,Normal
2026-01-19 03:00:00,55.37047390209887,2.6197170321625967,Normal,1,Normal
2026-01-05 06:00:00,53.28642741736616,2.697612074513096,Normal,1,Normal
